codice_cliente,timestamp,nome,cognome,eta,luogo_nascita,luogo_residenza,professione,stato_civile,numero_figli,indirizzo,via,civico,citta,cap,provincia,latitudine,longitudine,churn_attuale,num_polizze_attuali,cluster_nba,cluster_risposta,prodotti_posseduti,satisfaction_score,engagement_score,clv_stimato,reddito,reddito_familiare,patrimonio_finanziario,patrimonio_reale,propensione_vita,propensione_danni,anzianita_compagnia,visite_ultimo_anno,reclami_totali,agenzia,zona_residenza,best_prodotto,best_area_bisogno,best_retention_gain,best_redditivita,best_propensione,best_affinita_cluster
12794,2026-01-18T17:33:56Z,Vincentio,Curatoli,50,Coronella,Coronella,Ingegnere,Sposato,1,"Via XX Settembre, 83",Via XX Settembre,83,Coronella,,,44.7957278,11.5438112,0.0015,1,3,High_Responder,Assicurazione Casa e Famiglia: Casa Serena,62.5,79.1,18135.0,73092.0,101689.0,183140.6,338337.8,0.9975,0.9117,23,3,0,Agenzia_Coronella,area residenziale,Polizza Salute e Infortuni: Salute Protetta,Protezione,63.8,87.0,91.2,92.0
10169,2026-01-18T17:33:56Z,Gianpietro,Gabrieli,73,Colle Umberto,Firenze,Pensionato,Sposato,1,"Via dei Calzaiuoli, 89",Via dei Calzaiuoli,89,Firenze,,,43.3417984089792,10.7864525022058,0.0176,1,5,Moderate_Responder,Assicurazione Casa e Famiglia: Casa Serena,81.5,54.4,4334.0,27207.0,39974.0,102961.68,68976.83,0.7164,0.3245,2,3,0,Agenzia_Firenze_4,periferia,Polizza Vita a Premio Unico: Futuro Sicuro,Risparmio e Investimento,95.5,100.0,71.6,100.0
10050,2026-01-18T17:33:56Z,Alfio,Toso,37,St. Pauls/Eppan,Milano,Operaio,Sposato,1,"Via Vittorio Veneto, 3",Via Vittorio Veneto,3,Milano,,,45.5559398,8.9502391,0.0121,2,3,Moderate_Responder,Polizza Salute e Infortuni: Salute Protetta; Assicurazione Casa e Famiglia: Casa Serena,81.7,47.9,5379.0,18538.0,39760.0,21237.75,90973.55,0.8041,0.4366,1,1,0,Agenzia_Milano_3,periferia,Polizza Vita a Premio Unico: Futuro Sicuro,Risparmio e Investimento,95.6,100.0,80.4,33.0
11239,2026-01-18T17:33:56Z,Evangelista,Tacchini,84,Vottignasco,Napoli,Pensionato,Sposato,3,"Via Marina, 50",Via Marina,50,Napoli,,,40.8402956326599,14.1699871998907,0.0009,1,5,Moderate_Responder,Assicurazione Casa e Famiglia: Casa Serena,84.9,100,8863.0,26811.0,32102.0,62682.85,48001.14,0.9024,0.4449,29,3,0,Agenzia_Napoli_1,periferia,Polizza Vita a Premio Unico: Futuro Sicuro,Risparmio e Investimento,95.6,100.0,90.2,100.0
12147,2026-01-18T17:33:56Z,Giacinto,Pepe,45,Falcade,Bergamo,Insegnante,Sposato,1,"Via XX Settembre, 91",Via XX Settembre,91,Bergamo,,,45.6929576,9.6659987,0.0024,1,3,Moderate_Responder,Assicurazione Casa e Famiglia: Casa Serena,91.9,70.3,12808.0,33320.0,82984.0,78927.12,139166.89,0.9844,0.3292,14,3,0,Agenzia_Bergamo_1,periferia,Polizza Vita a Premio Unico: Futuro Sicuro,Risparmio e Investimento,95.6,100.0,98.4,33.0
10154,2026-01-18T17:33:56Z,Ignazio,Bettoni,46,Caporiacco,Trieste,Medico,Sposato,3,"Via Dante Alighieri, 10",Via Dante Alighieri,10,Trieste,,,45.6039732,13.7683221,0.0107,1,3,Moderate_Responder,Assicurazione Casa e Famiglia: Casa Serena,60.4,55.2,18073.0,87341.0,106897.0,56049.72,465760.66,0.7478,0.7869,9,1,1,Agenzia_Trieste_5,area residenziale,Polizza Salute e Infortuni: Salute Protetta,Protezione,63.7,87.0,78.7,92.0
15175,2026-01-18T17:33:56Z,Geronimo,Pizzo,57,Lido Di Fermo,Genova,Insegnante,Sposato,1,"Corso Italia, 12",Corso Italia,12,Genova,,,44.3176561,9.3187398,0.0004,1,5,Moderate_Responder,Piano Individuale Pensionistico (PIP): Pensione Serenità,94.6,100,9905.0,30725.0,70376.0,81074.88,137927.51,0.8033,0.481,33,2,0,Agenzia_Genova_2,periferia,Polizza Vita a Premio Unico: Futuro Sicuro,Risparmio e Investimento,100.0,100.0,80.3,100.0
12037,2026-01-18T17:33:56Z,Amleto,Castiglione,76,Verbicaro,Brescia,Pensionato,Divorziato,1,"Via Gramsci, 17",Via Gramsci,17,Brescia,,,45.5362461,10.2188284,0.0027,2,5,Moderate_Responder,Assicurazione Casa e Famiglia: Casa Serena; Piano Individuale Pensionistico (PIP): Pensione Serenità,81.3,68.5,5639.0,23903.0,46045.0,87115.77,107339.01,0.7663,0.4405,14,3,0,Agenzia_Brescia_3,periferia,Polizza Vita a Premio Unico: Futuro Sicuro,Risparmio e Investimento,100.0,100.0,76.6,100.0
10740,2026-01-18T17:33:56Z,Lorenzo,Baresi,66,Palermo,Bari,Avvocato,Sposato,1,"Via Imbriani, 19",Via Imbriani,19,Bari,,,40.7852411,17.2370956,0.0022,1,5,High_Responder,Assicurazione Casa e Famiglia: Casa Serena,84.5,74.8,18197.0,72272.0,77569.0,261286.65,130581.02,0.987,0.7602,14,4,0,Agenzia_Bari_4,area residenziale,Polizza Vita a Premio Unico: Futuro Sicuro,Risparmio e Investimento,95.6,100.0,98.7,100.0
14813,2026-01-18T17:33:56Z,Marina,Vidoni,49,Santa Maria Delle Fabrecce,Firenze,Operaio,Sposato,4,"Piazza Santa Croce, 16",Piazza Santa Croce,16,Firenze,,,44.1077592014011,11.2810022002308,0.0008,1,3,Moderate_Responder,Assicurazione Casa e Famiglia: Casa Serena,80.5,94.2,10438.0,27353.0,33284.0,48527.12,103080.08,0.9265,0.5412,27,2,0,Agenzia_Firenze_3,periferia,Polizza Vita a Premio Unico: Futuro Sicuro,Risparmio e Investimento,95.6,100.0,92.7,33.0
18996,2026-01-18T17:33:56Z,Pompeo,Mercati,53,Civitella Di Romagna,Civitella Di Romagna,Impiegato,Divorziato,2,"Via Vittorio Emanuele, 74",Via Vittorio Emanuele,74,Civitella Di Romagna,,,44.0071707,11.9413464,0.0031,3,4,Moderate_Responder,Polizza Salute e Infortuni: Salute Protetta; Assicurazione Casa e Famiglia: Casa Serena; Piano Individuale Pensionistico (PIP): Pensione Serenità,88.6,66.7,4383.0,21582.0,27254.0,22436.2,49279.85,0.6074,0.4817,4,1,0,Agenzia_Civitella Di Romagna,periferia,Polizza Vita a Premio Unico: Futuro Sicuro,Risparmio e Investimento,100.0,100.0,60.7,75.0
17256,2026-01-18T17:33:56Z,Gioachino,Ricciardi,81,Palermo,Ancona,Pensionato,Divorziato,1,"Corso Italia, 149",Corso Italia,149,Ancona,,,43.5759135675324,12.8978416930056,0.0016,0,5,Moderate_Responder,,80.8,84.6,6157.0,22962.0,51198.0,96775.89,97589.91,0.647,0.6175,34,4,0,Agenzia_Ancona_1,periferia,Polizza Vita a Premio Unico: Futuro Sicuro,Risparmio e Investimento,95.6,100.0,64.7,100.0
14234,2026-01-18T17:33:56Z,Goffredo,Pizziol,57,Guardea,Napoli,Ingegnere,Sposato,0,"Via Roma, 87",Via Roma,87,Napoli,,,40.8639699559339,14.1282421141389,0.0001,1,5,High_Responder,Assicurazione Casa e Famiglia: Casa Serena,83.7,100,36241.0,98374.0,99132.0,189468.81,662448.59,0.8496,0.9405,37,5,0,Agenzia_Napoli_3,area residenziale,Polizza Vita a Premio Unico: Futuro Sicuro,Risparmio e Investimento,95.6,100.0,85.0,100.0
18075,2026-01-18T17:33:56Z,Giancarlo,Ruggieri,60,Bologna,Vigorovea,Pensionato,Divorziato,0,"Via XX Settembre, 117",Via XX Settembre,117,Vigorovea,,,45.3215889,11.9991417,0.004,0,5,Moderate_Responder,,76.3,77.4,4352.0,16041.0,32399.0,23803.76,37396.13,0.8328,0.6888,25,3,0,Agenzia_Vigorovea,periferia,Polizza Vita a Premio Unico: Futuro Sicuro,Risparmio e Investimento,95.6,100.0,83.3,100.0
11337,2026-01-18T17:33:56Z,Leopoldo,Fallaci,49,Chioggia,Chioggia,Impiegato,Sposato,4,"Via Marconi, 119",Via Marconi,119,Chioggia,,,45.218894,12.2785805,0.0002,2,3,Moderate_Responder,Piano Individuale Pensionistico (PIP): Pensione Serenità; Assicurazione Casa e Famiglia: Casa Serena,67.2,100,13011.0,47409.0,84584.0,69143.05,174453.29,0.8553,0.6786,31,6,1,Agenzia_Chioggia,periferia,Polizza Vita a Premio Unico: Futuro Sicuro,Risparmio e Investimento,100.0,100.0,85.5,33.0
19129,2026-01-18T17:33:56Z,Giosuè,Buscetta,77,Capannoli,Capannoli,Pensionato,Divorziato,1,"Piazza della Repubblica, 11",Piazza della Repubblica,11,Capannoli,,,40.6035121872984,10.5004646385979,0.0071,2,6,Moderate_Responder,Assicurazione Casa e Famiglia: Casa Serena; Piano Individuale Pensionistico (PIP): Pensione Serenità,67.8,61.7,6249.0,22588.0,60248.0,37120.15,90398.5,0.5819,0.6366,14,2,1,Agenzia_Capannoli,periferia,Polizza Salute e Infortuni: Salute Protetta,Protezione,66.7,87.0,63.7,100.0
13426,2026-01-18T17:33:56Z,Gastone,Dossi,67,Girla,Girla,Pensionato,Sposato,4,"Corso Italia, 147",Corso Italia,147,Girla,,,43.1610396157668,11.1830113384813,0.0004,1,5,Moderate_Responder,Piano Individuale Pensionistico (PIP): Pensione Serenità,76.1,92.1,8855.0,27418.0,64216.0,93178.92,110116.18,0.9154,0.4672,33,6,0,Agenzia_Girla,periferia,Polizza Vita a Premio Unico: Futuro Sicuro,Risparmio e Investimento,100.0,100.0,91.5,100.0
12255,2026-01-18T17:33:56Z,Elladio,Jilani,59,Firmo,Napoli,Medico,Sposato,1,"Via Medina, 61",Via Medina,61,Napoli,,,40.8419663,14.2521578,0.0002,2,5,High_Responder,Piano Individuale Pensionistico (PIP): Pensione Serenità; Assicurazione Casa e Famiglia: Casa Serena,61.2,100,27777.0,119915.0,127808.0,372303.41,659447.05,0.9642,0.9051,38,1,1,Agenzia_Napoli_7,area residenziale,Polizza Vita a Premio Unico: Futuro Sicuro,Risparmio e Investimento,100.0,100.0,96.4,100.0
12309,2026-01-18T17:33:56Z,Rocco,Celentano,51,Ghizzano,Lecce,Ingegnere,Divorziato,3,"Via Rubichi, 14",Via Rubichi,14,Lecce,,,40.4020706345414,17.8674931506358,0.0002,3,4,High_Responder,Polizza Salute e Infortuni: Salute Protetta; Assicurazione Casa e Famiglia: Casa Serena; Polizza Vita a Premio Unico: Futuro Sicuro,92.3,83.2,27523.0,74148.0,119876.0,221346.0,368218.92,0.6467,0.7822,15,6,0,Agenzia_Lecce_2,area residenziale,Piano Individuale Pensionistico (PIP): Pensione Serenità,Previdenza,100.0,90.0,68.7,67.0
10910,2026-01-18T17:33:56Z,Rosario,Abbagnale,75,Ama,Ama,Pensionato,Sposato,0,"Corso Italia, 60",Corso Italia,60,Ama,,,45.7880494,9.7681322,0.0087,0,5,Moderate_Responder,,79.9,73.2,6731.0,29104.0,52650.0,46538.68,121238.68,0.7965,0.3234,20,1,0,Agenzia_Ama,periferia,Polizza Vita a Premio Unico: Futuro Sicuro,Risparmio e Investimento,95.6,100.0,79.6,100.0
17073,2026-01-18T17:33:56Z,Romeo,Sagese,82,Badetto,Badetto,Pensionato,Sposato,3,"Piazza Duomo, 141",Piazza Duomo,141,Badetto,,,45.9976483,10.3420873,0.0218,1,5,Moderate_Responder,Piano Individuale Pensionistico (PIP): Pensione Serenità,81.4,56.2,4129.0,24920.0,52952.0,76078.48,88578.72,0.71,0.7686,4,0,0,Agenzia_Badetto,periferia,Polizza Vita a Premio Unico: Futuro Sicuro,Risparmio e Investimento,100.0,100.0,71.0,100.0
10752,2026-01-18T17:33:56Z,Ninetta,Rossellini,60,Castelluzzo,Trieste,Avvocato,Divorziato,2,"Via Cesare Battisti, 18",Via Cesare Battisti,18,Trieste,,,45.6528943,13.7804956,0.0002,4,5,High_Responder,Polizza Salute e Infortuni: Salute Protetta; Assicurazione Casa e Famiglia: Casa Serena; Polizza Vita a Premio Unico: Futuro Sicuro; Piano Individuale Pensionistico (PIP): Pensione Serenità,74.3,81,24919.0,98638.0,117007.0,300330.76,191022.68,0.8597,0.7852,16,6,1,Agenzia_Trieste_5,area residenziale,Polizza Vita a Premi Ricorrenti: Risparmio Costante,Risparmio e Investimento,100.0,63.0,86.0,100.0
9774,2026-01-18T17:33:56Z,Stella,Curci,90,Provesano,Reggio Calabria,Pensionato,Divorziato,0,"Corso Vittorio Emanuele III, 2",Corso Vittorio Emanuele III,2,Reggio Calabria,,,38.1127697,15.6483113,0.0017,0,7,Moderate_Responder,,86.6,85.9,3976.0,18497.0,61504.0,95987.62,65642.29,0.5552,0.3497,38,2,0,Agenzia_Reggio Calabria_1,periferia,Polizza Vita a Premio Unico: Futuro Sicuro,Risparmio e Investimento,95.6,100.0,55.5,58.0
9735,2026-01-18T17:33:56Z,Filippo,Ostinelli,64,Grisi',Bergamo,Ingegnere,Sposato,1,"Via Torquato Tasso, 36",Via Torquato Tasso,36,Bergamo,,,45.6974066,9.6745804,0.0001,1,5,Moderate_Responder,Polizza Salute e Infortuni: Salute Protetta,93.2,100,16499.0,46798.0,63707.0,52514.31,313586.07,0.7809,0.8046,38,7,0,Agenzia_Bergamo_3,periferia,Polizza Vita a Premio Unico: Futuro Sicuro,Risparmio e Investimento,95.6,100.0,78.1,100.0
14597,2026-01-18T17:33:56Z,Amadeo,Petruzzi,49,Soiano Del Lago,Bergamo,Medico,Sposato,4,"Via Colleoni, 9",Via Colleoni,9,Bergamo,,,45.7047461,9.6618416,0.0041,2,3,Low_Responder,Assicurazione Casa e Famiglia: Casa Serena; Polizza Vita a Premio Unico: Futuro Sicuro,85.3,47.9,9855.0,61192.0,71414.0,41143.2,426676.09,0.7361,0.757,3,2,0,Agenzia_Bergamo_2,area residenziale,Polizza Salute e Infortuni: Salute Protetta,Protezione,63.8,87.0,75.7,92.0
11653,2026-01-18T17:33:56Z,Piergiorgio,Brancaccio,81,San Zenone Degli Ezzelini,San Zenone Degli Ezzelini,Pensionato,Divorziato,3,"Via Mazzini, 111",Via Mazzini,111,San Zenone Degli Ezzelini,,,45.7790023,11.8405331,0.0048,2,5,Moderate_Responder,Assicurazione Casa e Famiglia: Casa Serena; Piano Individuale Pensionistico (PIP): Pensione Serenità,85.2,59.1,3833.0,17238.0,41577.0,59507.16,26175.39,0.8471,0.5628,10,2,0,Agenzia_San Zenone Degli Ezzelini,periferia,Polizza Vita a Premio Unico: Futuro Sicuro,Risparmio e Investimento,100.0,100.0,84.7,100.0
10281,2026-01-18T17:33:56Z,Ricciotti,Acerbi,57,Sant'Angelo Di Piove Di Sacco,Torino,Impiegato,Vedovo,2,"Corso Re Umberto, 56",Corso Re Umberto,56,Torino,,,45.0579065,7.6688784,0.0008,3,5,Moderate_Responder,Polizza Salute e Infortuni: Salute Protetta; Assicurazione Casa e Famiglia: Casa Serena; Piano Individuale Pensionistico (PIP): Pensione Serenità,84.7,76.3,7259.0,28376.0,64797.0,89724.96,42418.58,0.6149,0.6604,14,4,0,Agenzia_Torino_5,periferia,Polizza Vita a Premio Unico: Futuro Sicuro,Risparmio e Investimento,100.0,100.0,61.5,100.0
10089,2026-01-18T17:33:56Z,Orazio,Regge,52,Villa San Faustino,Milano,Impiegato,Sposato,2,"Viale Monza, 125",Viale Monza,125,Milano,,,45.4990029,9.2202975,0.0048,1,3,Moderate_Responder,Piano Individuale Pensionistico (PIP): Pensione Serenità,87.5,59.7,5633.0,30129.0,56043.0,33811.01,74811.31,0.8834,0.3141,13,1,0,Agenzia_Milano_6,periferia,Polizza Vita a Premio Unico: Futuro Sicuro,Risparmio e Investimento,100.0,100.0,88.3,33.0
10475,2026-01-18T17:33:56Z,Mattia,Gemito,85,Nerviano,Bergamo,Pensionato,Sposato,2,"Via Sant'Alessandro, 43",Via Sant'Alessandro,43,Bergamo,,,45.6979176,9.6630632,0.0006,1,5,Moderate_Responder,Assicurazione Casa e Famiglia: Casa Serena,66.1,100,9888.0,27635.0,52823.0,77602.73,131117.64,0.9061,0.3265,39,6,1,Agenzia_Bergamo_1,periferia,Polizza Vita a Premio Unico: Futuro Sicuro,Risparmio e Investimento,95.6,100.0,90.6,100.0
13183,2026-01-18T17:33:56Z,Giuseppina,Garobbio,66,Marina Di Montemarciano,Genova,Medico,Vedovo,0,"Via Dante, 4",Via Dante,4,Genova,,,44.40636,8.934891,0.0027,2,6,Moderate_Responder,Piano Individuale Pensionistico (PIP): Pensione Serenità; Assicurazione Casa e Famiglia: Casa Serena,60.5,70.3,12591.0,89945.0,137922.0,342757.2,554381.34,0.5999,0.8841,13,4,1,Agenzia_Genova_1,area residenziale,Polizza Salute e Infortuni: Salute Protetta,Protezione,66.8,87.0,88.4,100.0
11265,2026-01-18T17:33:56Z,Clelia,Baggio,52,San Polo Di Piave,San Polo Di Piave,Ingegnere,Sposato,3,"Corso Italia, 104",Corso Italia,104,San Polo Di Piave,,,45.7901075,12.3947754,0.0004,2,3,High_Responder,Polizza Vita a Premio Unico: Futuro Sicuro; Piano Individuale Pensionistico (PIP): Pensione Serenità,85.1,93,18540.0,63772.0,103507.0,70728.02,217812.74,0.8266,0.9435,14,6,0,Agenzia_San Polo Di Piave,area residenziale,Polizza Salute e Infortuni: Salute Protetta,Protezione,100.0,87.0,94.3,92.0
15202,2026-01-18T17:33:56Z,Nanni,Pagliaro,54,Napola,Firenze,Operaio,Sposato,2,"Via Por Santa Maria, 17",Via Por Santa Maria,17,Firenze,,,44.1091667064754,11.3460533652597,0.0048,1,3,Moderate_Responder,Assicurazione Casa e Famiglia: Casa Serena,77.1,60.3,5664.0,27322.0,46148.0,86566.65,132706.91,0.9023,0.5884,16,2,0,Agenzia_Firenze_3,periferia,Polizza Vita a Premio Unico: Futuro Sicuro,Risparmio e Investimento,95.6,100.0,90.2,33.0
16927,2026-01-18T17:33:56Z,Valeria,Berrè,69,Rivabella,Rivabella,Pensionato,Vedovo,2,"Corso Vittorio Emanuele II, 34",Corso Vittorio Emanuele II,34,Rivabella,,,44.469052,11.2028797,0.0004,1,7,Moderate_Responder,Assicurazione Casa e Famiglia: Casa Serena,85,88.8,7104.0,26728.0,68485.0,66071.74,54843.93,0.5467,0.5518,40,2,0,Agenzia_Rivabella,periferia,Polizza Vita a Premio Unico: Futuro Sicuro,Risparmio e Investimento,95.6,100.0,54.7,58.0
17426,2026-01-18T17:33:56Z,Giuseppe,Trombetta,80,Serralunga Di Crea,Bergamo,Pensionato,Sposato,3,"Viale Papa Giovanni XXIII, 106",Viale Papa Giovanni XXIII,106,Bergamo,,,45.6927908,9.6722985,0.0009,0,5,Moderate_Responder,,83,97.1,6106.0,19135.0,34750.0,34588.81,64823.02,0.9785,0.4357,40,2,0,Agenzia_Bergamo_1,periferia,Polizza Vita a Premio Unico: Futuro Sicuro,Risparmio e Investimento,95.6,100.0,97.8,100.0
18903,2026-01-18T17:33:56Z,Micheletto,Doglioni,45,Pimonte,Pimonte,Impiegato,Sposato,3,"Via Vittorio Emanuele, 130",Via Vittorio Emanuele,130,Pimonte,,,43.9432604232541,11.025366913389,0.0032,0,3,Moderate_Responder,,85.8,57.5,8232.0,45414.0,83710.0,111380.66,78145.3,0.9464,0.3122,23,2,0,Agenzia_Pimonte,periferia,Polizza Vita a Premio Unico: Futuro Sicuro,Risparmio e Investimento,95.6,100.0,94.6,33.0
11858,2026-01-18T17:33:56Z,Ermanno,Iannuzzi,40,Paderno Dugnano,Ancona,Avvocato,Sposato,0,"Via Mazzini, 12",Via Mazzini,12,Ancona,,,42.3842004630438,13.9829378082053,0.0019,2,3,Moderate_Responder,Polizza Salute e Infortuni: Salute Protetta; Polizza Vita a Premio Unico: Futuro Sicuro,76.9,61.6,6616.0,43796.0,70156.0,64001.98,173493.52,0.7907,0.9196,13,3,0,Agenzia_Ancona_2,periferia,Assicurazione Casa e Famiglia: Casa Serena,Protezione,63.8,75.0,92.0,92.0
11777,2026-01-18T17:33:56Z,Massimiliano,Sgalambro,65,Fumane,Firenze,Ingegnere,Sposato,0,"Via dei Calzaiuoli, 89",Via dei Calzaiuoli,89,Firenze,,,43.728118562187,11.3203906389335,0.0529,0,5,Moderate_Responder,,71.3,47.8,8442.0,34694.0,36707.0,122035.83,222924.24,0.9421,0.9128,9,0,1,Agenzia_Firenze_3,periferia,Polizza Vita a Premio Unico: Futuro Sicuro,Risparmio e Investimento,95.5,100.0,94.2,100.0
12327,2026-01-18T17:33:56Z,Panfilo,Boldù,30,Avise,Como,Insegnante,Sposato,2,"Via Matteotti, 47",Via Matteotti,47,Como,,,45.7915459,9.1163273,0.0063,2,1,Moderate_Responder,Polizza Salute e Infortuni: Salute Protetta; Assicurazione Casa e Famiglia: Casa Serena,71.2,51.2,8228.0,29441.0,32350.0,12903.78,99124.14,0.7324,0.7023,11,2,1,Agenzia_Como_2,periferia,Polizza Vita a Premio Unico: Futuro Sicuro,Risparmio e Investimento,95.6,100.0,73.2,42.0
10326,2026-01-18T17:33:56Z,Giuliana,Savorgnan,70,Comiziano,Comiziano,Pensionato,Sposato,0,"Via Kennedy, 40",Via Kennedy,40,Comiziano,,,41.0524502796434,11.4405456298861,0.0073,2,5,Low_Responder,Assicurazione Casa e Famiglia: Casa Serena; Piano Individuale Pensionistico (PIP): Pensione Serenità,79,51,2900.0,21535.0,35299.0,58426.33,39918.46,0.872,0.6861,4,4,0,Agenzia_Comiziano,periferia,Polizza Vita a Premio Unico: Futuro Sicuro,Risparmio e Investimento,100.0,100.0,87.2,100.0
10765,2026-01-18T17:33:56Z,Fabrizio,Farinelli,61,Acquafondata,Acquafondata,Medico,Divorziato,3,"Via Kennedy, 43",Via Kennedy,43,Acquafondata,,,41.542822,13.952815,0.0068,1,5,Moderate_Responder,Polizza Salute e Infortuni: Salute Protetta,83.3,50.6,13974.0,101874.0,119898.0,233750.3,467682.41,0.6615,0.9601,7,0,0,Agenzia_Acquafondata,area residenziale,Polizza Vita a Premio Unico: Futuro Sicuro,Risparmio e Investimento,95.6,100.0,66.2,100.0
